MOFname,metal_linker,organic_linker1,organic_linker2,topology,flag
mof_unit_43,9,15,25,sra,train
mof_unit_51,9,12,15,sra,train
mof_unit_69,9,15,2,sra,train
mof_unit_100,9,12,15,sra,train
mof_unit_165,9,11,15,sra,train
mof_unit_204,9,4,15,sra,train
mof_unit_269,9,15,2,sra,train
mof_unit_294,9,4,15,sra,train
mof_unit_418,9,11,15,sra,train
mof_unit_429,9,15,25,sra,train
mof_unit_452,9,15,2,sra,train
mof_unit_466,9,15,25,sra,train
mof_unit_583,9,15,22,sra,train
mof_unit_588,9,15,24,sra,train
mof_unit_606,9,15,20,sra,train
mof_unit_632,9,12,15,sra,train
mof_unit_651,9,15,2,sra,train
mof_unit_692,9,15,24,sra,train
mof_unit_713,9,15,25,sra,train
mof_unit_734,9,15,18,sra,train
mof_unit_761,9,13,15,sra,train
mof_unit_829,9,4,15,sra,train
mof_unit_877,9,15,20,sra,train
mof_unit_913,9,12,15,sra,train
mof_unit_988,9,4,15,sra,train
mof_unit_1033,9,15,2,sra,train
mof_unit_1046,9,15,25,sra,train
mof_unit_1079,9,15,25,sra,train
mof_unit_1180,9,15,20,sra,train
mof_unit_1220,9,12,15,sra,train
mof_unit_1314,9,15,19,sra,train
mof_unit_1652,9,15,25,sra,train
mof_unit_1663,9,15,24,sra,train
mof_unit_1689,9,15,25,sra,train
mof_unit_1746,9,15,18,sra,train
mof_unit_1759,9,15,20,sra,train
mof_unit_1809,9,11,15,sra,train
mof_unit_1865,9,5,15,sra,train
mof_unit_1866,9,15,25,sra,train
mof_unit_1936,9,13,15,sra,train
mof_unit_2051,9,1,15,sra,train
mof_unit_2052,9,15,23,sra,train
mof_unit_2104,9,15,19,sra,train
mof_unit_2117,9,15,2,sra,train
mof_unit_2382,9,15,18,sra,train
mof_unit_2388,9,4,15,sra,train
mof_unit_2489,9,15,23,sra,train
mof_unit_2546,9,13,15,sra,train
mof_unit_2550,9,15,22,sra,train
mof_unit_2609,9,15,2,sra,train
mof_unit_2639,9,11,15,sra,train
mof_unit_2738,9,15,24,sra,train
mof_unit_2887,9,15,2,sra,train
mof_unit_3085,9,12,15,sra,train
mof_unit_3148,9,4,15,sra,train
mof_unit_3155,9,15,2,sra,train
mof_unit_3161,9,11,15,sra,train
mof_unit_3190,9,1,15,sra,train
mof_unit_3251,9,15,19,sra,train
mof_unit_3326,9,13,15,sra,train
mof_unit_3502,9,4,15,sra,train
mof_unit_3643,9,15,19,sra,train
mof_unit_3666,9,11,15,sra,train
mof_unit_3727,9,1,15,sra,train
mof_unit_3780,9,11,15,sra,train
mof_unit_3784,9,5,15,sra,train
mof_unit_3833,9,15,24,sra,train
mof_unit_3843,9,15,2,sra,train
mof_unit_3873,9,11,15,sra,train
mof_unit_3879,9,11,15,sra,train
mof_unit_3907,9,15,22,sra,train
mof_unit_3986,9,15,18,sra,train
mof_unit_3993,9,11,15,sra,train
mof_unit_3996,9,11,15,sra,train
mof_unit_4002,9,12,15,sra,train
mof_unit_4028,9,15,2,sra,train
mof_unit_4397,9,1,15,sra,train
mof_unit_4441,9,11,15,sra,train
mof_unit_4473,9,15,23,sra,train
mof_unit_4702,9,13,15,sra,train
mof_unit_4734,9,1,15,sra,train
mof_unit_4736,9,11,15,sra,train
mof_unit_4801,9,15,20,sra,train
mof_unit_4826,9,11,15,sra,train
mof_unit_4992,9,4,15,sra,train
mof_unit_4997,9,15,25,sra,train
mof_unit_5003,9,13,15,sra,train
mof_unit_5040,9,11,15,sra,train
mof_unit_5044,9,4,15,sra,train
mof_unit_5124,9,15,18,sra,train
mof_unit_5168,9,15,25,sra,train
mof_unit_5311,9,1,15,sra,train
mof_unit_5350,9,15,25,sra,train
mof_unit_5407,9,11,15,sra,train
mof_unit_5408,9,12,15,sra,train
mof_unit_5438,9,5,15,sra,train
mof_unit_5505,9,15,24,sra,train
mof_unit_5567,9,15,24,sra,train
mof_unit_5578,9,15,25,sra,train
mof_unit_5593,9,11,15,sra,train
mof_unit_5774,9,15,18,sra,train
mof_unit_5812,9,11,15,sra,train
mof_unit_6024,9,13,15,sra,train
mof_unit_6036,9,15,25,sra,train
mof_unit_6043,9,15,19,sra,train
mof_unit_6074,9,15,22,sra,train
mof_unit_6155,9,11,15,sra,train
mof_unit_6161,9,12,15,sra,train
mof_unit_6302,9,15,2,sra,train
mof_unit_6382,9,15,24,sra,train
mof_unit_6433,9,11,15,sra,train
mof_unit_6591,9,13,15,sra,train
mof_unit_6621,9,12,15,sra,train
mof_unit_6638,9,1,15,sra,train
mof_unit_6750,9,4,15,sra,train
mof_unit_6887,9,15,2,sra,train
mof_unit_7037,9,15,25,sra,train
mof_unit_7141,9,4,15,sra,train
mof_unit_7170,9,15,20,sra,train
mof_unit_7183,9,15,25,sra,train
mof_unit_7191,9,15,18,sra,train
mof_unit_7196,9,15,19,sra,train
mof_unit_7318,9,1,15,sra,train
mof_unit_7481,9,11,15,sra,train
mof_unit_7502,9,15,20,sra,train
mof_unit_7503,9,15,23,sra,train
mof_unit_7575,9,11,15,sra,train
mof_unit_7730,9,4,15,sra,train
mof_unit_7751,9,11,15,sra,train
mof_unit_7837,9,12,15,sra,train
mof_unit_7869,9,12,15,sra,train
mof_unit_7872,9,5,15,sra,train
mof_unit_7944,9,13,15,sra,train
mof_unit_8039,9,15,23,sra,train
mof_unit_8040,9,13,15,sra,train
mof_unit_8054,9,12,15,sra,train
mof_unit_8168,9,13,15,sra,train
mof_unit_8186,9,15,25,sra,train
mof_unit_8215,9,11,15,sra,train
mof_unit_8228,9,11,15,sra,train
mof_unit_8242,9,15,20,sra,train
mof_unit_8275,9,15,25,sra,train
mof_unit_8281,9,11,15,sra,train
mof_unit_8295,9,15,20,sra,train
mof_unit_8311,9,13,15,sra,train
mof_unit_8420,9,15,19,sra,train
mof_unit_8433,9,15,20,sra,train
mof_unit_8488,9,11,15,sra,train
mof_unit_8645,9,13,15,sra,train
mof_unit_8671,9,15,25,sra,train
mof_unit_8686,9,15,19,sra,train
mof_unit_8699,9,11,15,sra,train
mof_unit_8740,9,13,15,sra,train
mof_unit_8831,9,5,15,sra,train
mof_unit_8844,9,15,18,sra,train
mof_unit_8875,9,12,15,sra,train
mof_unit_8903,9,4,15,sra,train
mof_unit_8910,9,4,15,sra,train
mof_unit_8929,9,5,15,sra,train
mof_unit_8998,9,11,15,sra,train
mof_unit_9060,9,15,19,sra,train
mof_unit_9164,9,15,22,sra,train
mof_unit_9266,9,11,15,sra,train
mof_unit_9268,9,15,19,sra,train
mof_unit_9424,9,15,18,sra,train
mof_unit_9575,9,1,15,sra,train
mof_unit_9594,9,15,18,sra,train
mof_unit_9625,9,15,22,sra,train
mof_unit_9662,9,15,20,sra,train
mof_unit_9746,9,15,20,sra,train
mof_unit_9771,9,15,18,sra,train
mof_unit_9791,9,12,15,sra,train
mof_unit_9867,9,1,15,sra,train
mof_unit_10154,9,15,18,sra,train
mof_unit_10187,9,15,2,sra,train
mof_unit_10249,9,12,15,sra,train
mof_unit_10251,9,12,15,sra,train
mof_unit_10290,9,15,2,sra,train
mof_unit_10296,9,15,18,sra,train
mof_unit_10340,9,13,15,sra,train
mof_unit_10363,9,15,25,sra,train
mof_unit_10573,9,12,15,sra,train
mof_unit_10633,9,11,15,sra,train
mof_unit_10663,9,1,15,sra,train
mof_unit_10699,9,11,15,sra,train
mof_unit_10721,9,15,23,sra,train
mof_unit_10857,9,15,20,sra,train
mof_unit_10930,9,13,15,sra,train
mof_unit_10942,9,5,15,sra,train
mof_unit_10990,9,15,20,sra,train
mof_unit_11036,9,12,15,sra,train
mof_unit_11102,9,15,25,sra,train
mof_unit_11114,9,1,15,sra,train
mof_unit_11134,9,4,15,sra,train
mof_unit_11167,9,13,15,sra,train
mof_unit_11170,9,13,15,sra,train
mof_unit_11188,9,15,2,sra,train
mof_unit_11247,9,15,18,sra,train
mof_unit_11277,9,15,25,sra,train
mof_unit_11372,9,4,15,sra,train
mof_unit_11490,9,15,19,sra,train
mof_unit_11618,9,12,15,sra,train
mof_unit_11658,9,5,15,sra,train
mof_unit_11661,9,1,15,sra,train
mof_unit_11702,9,15,23,sra,train
mof_unit_11873,9,15,25,sra,train
mof_unit_11884,9,4,15,sra,train
mof_unit_11891,9,15,25,sra,train
mof_unit_12187,9,15,2,sra,train
mof_unit_12211,9,15,20,sra,train
mof_unit_12246,9,15,2,sra,train
mof_unit_12264,9,15,19,sra,train
mof_unit_12276,9,12,15,sra,train
mof_unit_12300,9,11,15,sra,train
mof_unit_12422,9,4,15,sra,train
mof_unit_12430,9,12,15,sra,train
mof_unit_12522,9,1,15,sra,train
mof_unit_12561,9,15,19,sra,train
mof_unit_12576,9,11,15,sra,train
mof_unit_12594,9,11,15,sra,train
mof_unit_12610,9,15,19,sra,train
mof_unit_12640,9,11,15,sra,train
mof_unit_12783,9,15,19,sra,train
mof_unit_12785,9,4,15,sra,train
mof_unit_12892,9,12,15,sra,train
mof_unit_12905,9,1,15,sra,train
mof_unit_12906,9,15,23,sra,train
mof_unit_13116,9,15,18,sra,train
mof_unit_13153,9,15,25,sra,train
mof_unit_13192,9,11,15,sra,train
mof_unit_13294,9,5,15,sra,train
mof_unit_13327,9,13,15,sra,train
mof_unit_13432,9,4,15,sra,train
mof_unit_13437,9,12,15,sra,train
mof_unit_13472,9,13,15,sra,train
mof_unit_13568,9,15,25,sra,train
mof_unit_13590,9,15,20,sra,train
mof_unit_13688,9,11,15,sra,train
mof_unit_13718,9,15,24,sra,train
mof_unit_13781,9,13,15,sra,train
mof_unit_13963,9,4,15,sra,train
mof_unit_14329,9,12,15,sra,train
mof_unit_14416,9,15,2,sra,train
mof_unit_14417,9,15,23,sra,train
mof_unit_14495,9,11,15,sra,train
mof_unit_14640,9,1,15,sra,train
mof_unit_14726,9,1,15,sra,train
mof_unit_14827,9,15,20,sra,train
mof_unit_14833,9,12,15,sra,train
mof_unit_14870,9,15,2,sra,train
mof_unit_14998,9,4,15,sra,train
mof_unit_15039,9,15,18,sra,train
mof_unit_15070,9,15,2,sra,train
mof_unit_15120,9,13,15,sra,train
mof_unit_15191,9,11,15,sra,train
mof_unit_15212,9,15,2,sra,train
mof_unit_15307,9,12,15,sra,train
mof_unit_15391,9,4,15,sra,train
mof_unit_15422,9,15,19,sra,train
mof_unit_15465,9,15,23,sra,train
mof_unit_15507,9,4,15,sra,train
mof_unit_15615,9,1,15,sra,train
mof_unit_15665,9,1,15,sra,train
mof_unit_15733,9,11,15,sra,train
mof_unit_15765,9,11,15,sra,train
mof_unit_15768,9,1,15,sra,train
mof_unit_15846,9,4,15,sra,train
mof_unit_15900,9,12,15,sra,train
mof_unit_16010,9,15,19,sra,train
mof_unit_16013,9,1,15,sra,train
mof_unit_16061,9,15,22,sra,train
mof_unit_16096,9,15,2,sra,train
mof_unit_16161,9,15,2,sra,train
mof_unit_16361,9,15,2,sra,train
mof_unit_16416,9,15,23,sra,train
mof_unit_16466,9,15,18,sra,train
mof_unit_16516,9,15,19,sra,train
mof_unit_16623,9,11,15,sra,train
mof_unit_16657,9,15,18,sra,train
mof_unit_16699,9,15,20,sra,train
mof_unit_16801,9,15,2,sra,train
mof_unit_16860,9,11,15,sra,train
mof_unit_16885,9,11,15,sra,train
mof_unit_16892,9,15,20,sra,train
mof_unit_16960,9,11,15,sra,train
mof_unit_16961,9,15,2,sra,train
mof_unit_16991,9,15,20,sra,train
mof_unit_17036,9,15,2,sra,train
mof_unit_17052,9,4,15,sra,train
mof_unit_17080,9,15,18,sra,train
mof_unit_17083,9,12,15,sra,train
mof_unit_17091,9,15,25,sra,train
mof_unit_17114,9,15,2,sra,train
mof_unit_17151,9,11,15,sra,train
mof_unit_17347,9,15,19,sra,train
mof_unit_17489,9,15,23,sra,train
mof_unit_17594,9,15,23,sra,train
mof_unit_17641,9,12,15,sra,train
mof_unit_17745,9,4,15,sra,train
mof_unit_17889,9,15,23,sra,train
mof_unit_17910,9,15,23,sra,train
mof_unit_17966,9,5,15,sra,train
mof_unit_17979,9,1,15,sra,train
mof_unit_18045,9,15,2,sra,train
mof_unit_18050,9,15,2,sra,train
mof_unit_18059,9,15,2,sra,train
mof_unit_18144,9,15,23,sra,train
mof_unit_18233,9,11,15,sra,train
mof_unit_18479,9,11,15,sra,train
mof_unit_18534,9,15,18,sra,train
mof_unit_18613,9,12,15,sra,train
mof_unit_18651,9,4,15,sra,train
mof_unit_18681,9,15,2,sra,train
mof_unit_18703,9,15,22,sra,train
mof_unit_18746,9,15,23,sra,train
mof_unit_19068,9,12,15,sra,train
mof_unit_19096,9,13,15,sra,train
mof_unit_19117,9,5,15,sra,train
mof_unit_19171,9,13,15,sra,train
mof_unit_19206,9,1,15,sra,train
mof_unit_19229,9,15,20,sra,train
mof_unit_19237,9,11,15,sra,train
mof_unit_19304,9,15,24,sra,train
mof_unit_19379,9,11,15,sra,train
mof_unit_19458,9,13,15,sra,train
mof_unit_19517,9,11,15,sra,train
mof_unit_19532,9,4,15,sra,train
mof_unit_19639,9,1,15,sra,train
mof_unit_19656,9,13,15,sra,train
mof_unit_19694,9,11,15,sra,train
mof_unit_19696,9,15,22,sra,train
mof_unit_19703,9,1,15,sra,train
mof_unit_19787,9,15,2,sra,train
mof_unit_19830,9,15,2,sra,train
mof_unit_19840,9,15,19,sra,train
mof_unit_19893,9,15,18,sra,train
mof_unit_19942,9,13,15,sra,train
mof_unit_19962,9,4,15,sra,train
mof_unit_20035,9,15,20,sra,train
mof_unit_20047,9,1,15,sra,train
mof_unit_20077,9,13,15,sra,train
mof_unit_20168,9,15,20,sra,train
mof_unit_20194,9,15,23,sra,train
mof_unit_20375,9,15,23,sra,train
mof_unit_20455,9,11,15,sra,train
mof_unit_20606,9,15,16,sra,train
mof_unit_20607,9,15,23,sra,train
mof_unit_20656,9,4,15,sra,train
mof_unit_20675,9,15,2,sra,train
mof_unit_20807,9,15,19,sra,train
mof_unit_20860,9,4,15,sra,train
mof_unit_20909,9,15,23,sra,train
mof_unit_21034,9,15,25,sra,train
mof_unit_21169,9,13,15,sra,train
mof_unit_21214,9,15,20,sra,train
mof_unit_21275,9,5,15,sra,train
mof_unit_21318,9,12,15,sra,train
mof_unit_21355,9,15,18,sra,train
mof_unit_21373,9,1,15,sra,train
mof_unit_21379,9,12,15,sra,train
mof_unit_21464,9,11,15,sra,train
mof_unit_21492,9,11,15,sra,train
mof_unit_21508,9,15,23,sra,train
mof_unit_21547,9,4,15,sra,train
mof_unit_21550,9,15,20,sra,train
mof_unit_21812,9,11,15,sra,train
mof_unit_21814,9,5,15,sra,train
mof_unit_21852,9,11,15,sra,train
mof_unit_21970,9,15,20,sra,train
mof_unit_22030,9,11,15,sra,train
mof_unit_22107,9,15,20,sra,train
mof_unit_22173,9,15,19,sra,train
mof_unit_22240,9,5,15,sra,train
mof_unit_22434,9,15,2,sra,train
mof_unit_22449,9,15,25,sra,train
mof_unit_22460,9,13,15,sra,train
mof_unit_22495,9,15,2,sra,train
mof_unit_22506,9,15,25,sra,train
mof_unit_22528,9,15,2,sra,train
mof_unit_22537,9,15,19,sra,train
mof_unit_22606,9,1,15,sra,train
mof_unit_22608,9,15,20,sra,train
mof_unit_22630,9,13,15,sra,train
mof_unit_22727,9,15,23,sra,train
mof_unit_22767,9,15,20,sra,train
mof_unit_22812,9,11,15,sra,train
mof_unit_22817,9,15,2,sra,train
mof_unit_22912,9,15,22,sra,train
mof_unit_23050,9,11,15,sra,train
mof_unit_23073,9,15,2,sra,train
mof_unit_23157,9,11,15,sra,train
mof_unit_23271,9,5,15,sra,train
mof_unit_23394,9,15,18,sra,train
mof_unit_23396,9,15,25,sra,train
mof_unit_23432,9,11,15,sra,train
mof_unit_23486,9,13,15,sra,train
mof_unit_23518,9,11,15,sra,train
mof_unit_23538,9,1,15,sra,train
mof_unit_23551,9,11,15,sra,train
mof_unit_23588,9,15,25,sra,train
mof_unit_23700,9,15,25,sra,train
mof_unit_23854,9,15,20,sra,train
mof_unit_23889,9,15,18,sra,train
mof_unit_23911,9,15,25,sra,train
mof_unit_23967,9,11,15,sra,train
mof_unit_24295,9,11,15,sra,train
mof_unit_24396,9,15,20,sra,train
mof_unit_24549,9,11,15,sra,train
mof_unit_24608,9,13,15,sra,train
mof_unit_24651,9,13,15,sra,train
mof_unit_24684,9,5,15,sra,train
mof_unit_24866,9,1,15,sra,train
mof_unit_24868,9,4,15,sra,train
mof_unit_24997,9,1,15,sra,train
mof_unit_25048,9,11,15,sra,train
mof_unit_25162,9,13,15,sra,train
mof_unit_25204,9,15,20,sra,train
mof_unit_25205,9,1,15,sra,train
mof_unit_25239,9,15,2,sra,train
mof_unit_25246,9,4,15,sra,train
mof_unit_25453,9,5,15,sra,train
mof_unit_25476,9,15,24,sra,train
mof_unit_25493,9,11,15,sra,train
mof_unit_25787,9,15,19,sra,train
mof_unit_25864,9,4,15,sra,train
mof_unit_25872,9,11,15,sra,train
mof_unit_25936,9,15,2,sra,train
mof_unit_26083,9,15,18,sra,train
mof_unit_26089,9,11,15,sra,train
mof_unit_26112,9,12,15,sra,train
mof_unit_26198,9,11,15,sra,train
mof_unit_26266,9,11,15,sra,train
mof_unit_26296,9,15,2,sra,train
mof_unit_26298,9,15,19,sra,train
mof_unit_26346,9,11,15,sra,train
mof_unit_26397,9,15,17,sra,train
mof_unit_26402,9,15,20,sra,train
mof_unit_26441,9,4,15,sra,train
mof_unit_26444,9,15,19,sra,train
mof_unit_26470,9,13,15,sra,train
mof_unit_26503,9,15,24,sra,train
mof_unit_26551,9,15,18,sra,train
mof_unit_26588,9,11,15,sra,train
mof_unit_26601,9,12,15,sra,train
mof_unit_26659,9,1,15,sra,train
mof_unit_26694,9,4,15,sra,train
mof_unit_26713,9,11,15,sra,train
mof_unit_26766,9,1,15,sra,train
mof_unit_26996,9,13,15,sra,train
mof_unit_27045,9,12,15,sra,train
mof_unit_27049,9,15,19,sra,train
mof_unit_27050,9,13,15,sra,train
mof_unit_27228,9,15,20,sra,train
mof_unit_27238,9,13,15,sra,train
mof_unit_27274,9,15,22,sra,train
mof_unit_27304,9,11,15,sra,train
mof_unit_27443,9,15,2,sra,train
mof_unit_27521,9,15,20,sra,train
mof_unit_27523,9,5,15,sra,train
mof_unit_27534,9,15,2,sra,train
mof_unit_27599,9,15,18,sra,train
mof_unit_27632,9,13,15,sra,train
mof_unit_27686,9,1,15,sra,train
mof_unit_27743,9,15,24,sra,train
mof_unit_27842,9,15,18,sra,train
mof_unit_27902,9,15,18,sra,train
mof_unit_27915,9,15,22,sra,train
mof_unit_27929,9,11,15,sra,train
mof_unit_27946,9,4,15,sra,train
mof_unit_27951,9,15,2,sra,train
mof_unit_28135,9,11,15,sra,train
mof_unit_28165,9,1,15,sra,train
mof_unit_28286,9,11,15,sra,train
mof_unit_28382,9,12,15,sra,train
mof_unit_28402,9,4,15,sra,train
mof_unit_28415,9,4,15,sra,train
mof_unit_28500,9,15,2,sra,train
mof_unit_28513,9,4,15,sra,train
mof_unit_28547,9,15,20,sra,train
mof_unit_28654,9,15,19,sra,train
mof_unit_28669,9,15,19,sra,train
mof_unit_28672,9,15,18,sra,train
mof_unit_28701,9,5,15,sra,train
mof_unit_28728,9,15,2,sra,train
mof_unit_28827,9,15,25,sra,train
mof_unit_28852,9,15,20,sra,train
mof_unit_28869,9,15,20,sra,train
mof_unit_28909,9,15,2,sra,train
mof_unit_28961,9,11,15,sra,train
mof_unit_29027,9,4,15,sra,train
mof_unit_29085,9,15,23,sra,train
mof_unit_29105,9,15,22,sra,train
mof_unit_29131,9,15,23,sra,train
mof_unit_29159,9,11,15,sra,train
mof_unit_29362,9,1,15,sra,train
mof_unit_29517,9,11,15,sra,train
mof_unit_29531,9,15,25,sra,train
mof_unit_29582,9,4,15,sra,train
mof_unit_29681,9,15,18,sra,train
mof_unit_29737,9,4,15,sra,train
mof_unit_29738,9,15,22,sra,train
mof_unit_29787,9,1,15,sra,train
mof_unit_29833,9,12,15,sra,train
mof_unit_29952,9,1,15,sra,train
mof_unit_29983,9,1,15,sra,train
mof_unit_30033,9,11,15,sra,train
mof_unit_30089,9,15,23,sra,train
mof_unit_30247,9,15,2,sra,train
mof_unit_30399,9,4,15,sra,train
mof_unit_30457,9,11,15,sra,train
mof_unit_30568,9,15,19,sra,train
mof_unit_30608,9,5,15,sra,train
mof_unit_30736,9,15,19,sra,train
mof_unit_30873,9,13,15,sra,train
mof_unit_30931,9,15,18,sra,train
mof_unit_30937,9,15,25,sra,train
mof_unit_30970,9,4,15,sra,train
mof_unit_30983,9,5,15,sra,train
mof_unit_31081,9,15,20,sra,train
mof_unit_31144,9,11,15,sra,train
mof_unit_31145,9,11,15,sra,train
mof_unit_31159,9,11,15,sra,train
mof_unit_31381,9,11,15,sra,train
mof_unit_31415,9,11,15,sra,train
mof_unit_31538,9,4,15,sra,train
mof_unit_31645,9,15,19,sra,train
mof_unit_31688,9,13,15,sra,train
mof_unit_31703,9,15,23,sra,train
mof_unit_31728,9,1,15,sra,train
mof_unit_31780,9,12,15,sra,train
mof_unit_31814,9,11,15,sra,train
mof_unit_31881,9,4,15,sra,train
mof_unit_31894,9,15,18,sra,train
mof_unit_31970,9,15,2,sra,train
mof_unit_32151,9,11,15,sra,train
mof_unit_32234,9,1,15,sra,train
mof_unit_32240,9,4,15,sra,train
mof_unit_32356,9,15,2,sra,train
mof_unit_32379,9,15,25,sra,train
mof_unit_32428,9,4,15,sra,train
mof_unit_32507,9,15,20,sra,train
mof_unit_32660,9,15,19,sra,train
mof_unit_32706,9,11,15,sra,train
mof_unit_32723,9,4,15,sra,train
mof_unit_32904,9,11,15,sra,train
mof_unit_33088,9,15,18,sra,train
mof_unit_33093,9,15,24,sra,train
mof_unit_33094,9,15,24,sra,train
mof_unit_33137,9,15,19,sra,train
mof_unit_33171,9,15,2,sra,train
mof_unit_33248,9,15,2,sra,train
mof_unit_33263,9,11,15,sra,train
mof_unit_33272,9,15,20,sra,train
mof_unit_33299,9,15,20,sra,train
mof_unit_33310,9,15,19,sra,train
mof_unit_33330,9,12,15,sra,train
mof_unit_33334,9,12,15,sra,train
mof_unit_33370,9,15,25,sra,train
mof_unit_33403,9,1,15,sra,train
mof_unit_33652,9,15,23,sra,train
mof_unit_33703,9,15,18,sra,train
mof_unit_33776,9,4,15,sra,train
mof_unit_33781,9,15,2,sra,train
mof_unit_33834,9,4,15,sra,train
mof_unit_33848,9,11,15,sra,train
mof_unit_33856,9,4,15,sra,train
mof_unit_34092,9,15,20,sra,train
mof_unit_34094,9,11,15,sra,train
mof_unit_34128,9,15,25,sra,train
mof_unit_34189,9,15,22,sra,train
mof_unit_34245,9,15,25,sra,train
mof_unit_34342,9,15,20,sra,train
mof_unit_34375,9,15,23,sra,train
mof_unit_34394,9,11,15,sra,train
mof_unit_34409,9,4,15,sra,train
mof_unit_34541,9,11,15,sra,train
mof_unit_34613,9,15,20,sra,train
mof_unit_34671,9,15,20,sra,train
mof_unit_34676,9,1,15,sra,train
mof_unit_34728,9,15,20,sra,train
mof_unit_34757,9,15,20,sra,train
mof_unit_34819,9,15,18,sra,train
mof_unit_34860,9,1,15,sra,train
mof_unit_34966,9,13,15,sra,train
mof_unit_34972,9,15,20,sra,train
mof_unit_34993,9,11,15,sra,train
mof_unit_35129,9,1,15,sra,train
mof_unit_35163,9,11,15,sra,train
mof_unit_35195,9,15,19,sra,train
mof_unit_35229,9,11,15,sra,train
mof_unit_35281,9,11,15,sra,train
mof_unit_35286,9,15,23,sra,train
mof_unit_35306,9,13,15,sra,train
mof_unit_35418,9,11,15,sra,train
mof_unit_35459,9,1,15,sra,train
mof_unit_35498,9,4,15,sra,train
mof_unit_35525,9,11,15,sra,train
mof_unit_35528,9,13,15,sra,train
mof_unit_35662,9,15,24,sra,train
mof_unit_35667,9,12,15,sra,train
mof_unit_35676,9,15,24,sra,train
mof_unit_35795,9,15,25,sra,train
mof_unit_35840,9,5,15,sra,train
mof_unit_35948,9,15,20,sra,train
mof_unit_35968,9,15,20,sra,train
mof_unit_35969,9,15,19,sra,train
mof_unit_36002,9,1,15,sra,train
mof_unit_36058,9,15,20,sra,train
mof_unit_36088,9,5,15,sra,train
mof_unit_36132,9,15,22,sra,train
mof_unit_36154,9,4,15,sra,train
mof_unit_36211,9,5,15,sra,train
mof_unit_36224,9,5,15,sra,train
mof_unit_36293,9,12,15,sra,train
mof_unit_36314,9,1,15,sra,train
mof_unit_36361,9,5,15,sra,train
mof_unit_36376,9,11,15,sra,train
mof_unit_36389,9,15,20,sra,train
mof_unit_36413,9,15,25,sra,train
mof_unit_36424,9,15,2,sra,train
mof_unit_36456,9,15,24,sra,train
mof_unit_36516,9,15,20,sra,train
mof_unit_36662,9,15,22,sra,train
mof_unit_36725,9,15,25,sra,train
mof_unit_36753,9,1,15,sra,train
mof_unit_36831,9,15,18,sra,train
mof_unit_36849,9,15,20,sra,train
mof_unit_37031,9,15,2,sra,train
mof_unit_37093,9,15,20,sra,train
mof_unit_37142,9,1,15,sra,train
mof_unit_37154,9,15,25,sra,train
mof_unit_37197,9,4,15,sra,train
mof_unit_37204,9,12,15,sra,train
mof_unit_37218,9,11,15,sra,train
mof_unit_37251,9,15,23,sra,train
mof_unit_37338,9,4,15,sra,train
mof_unit_37470,9,1,15,sra,train
mof_unit_37490,9,15,19,sra,train
mof_unit_37508,9,5,15,sra,train
mof_unit_37516,9,15,2,sra,train
mof_unit_37545,9,15,2,sra,train
mof_unit_37594,9,11,15,sra,train
mof_unit_37599,9,15,22,sra,train
mof_unit_37626,9,11,15,sra,train
mof_unit_37631,9,11,15,sra,train
mof_unit_37638,9,1,15,sra,train
mof_unit_37652,9,13,15,sra,train
mof_unit_37680,9,12,15,sra,train
mof_unit_37716,9,15,18,sra,train
mof_unit_37729,9,1,15,sra,train
mof_unit_37740,9,1,15,sra,train
mof_unit_37781,9,15,2,sra,train
mof_unit_37806,9,11,15,sra,train
mof_unit_37834,9,1,15,sra,train
mof_unit_37843,9,15,2,sra,train
mof_unit_37985,9,15,6,sra,train
mof_unit_37995,9,15,6,sra,train
mof_unit_38000,9,15,20,sra,train
mof_unit_38001,9,15,2,sra,train
mof_unit_38065,9,13,15,sra,train
mof_unit_38066,9,15,23,sra,train
mof_unit_38156,9,15,2,sra,train
mof_unit_38272,9,5,15,sra,train
mof_unit_38307,9,15,2,sra,train
mof_unit_38311,9,13,15,sra,train
mof_unit_38321,9,15,25,sra,train
mof_unit_38332,9,11,15,sra,train
mof_unit_38354,9,5,15,sra,train
mof_unit_38405,9,15,20,sra,train
mof_unit_38586,9,15,2,sra,train
mof_unit_38606,9,15,19,sra,train
mof_unit_38609,9,13,15,sra,train
mof_unit_38644,9,1,15,sra,train
mof_unit_38668,9,15,25,sra,train
mof_unit_38769,9,5,15,sra,train
mof_unit_38835,9,15,23,sra,train
mof_unit_38896,9,15,20,sra,train
mof_unit_38956,9,11,15,sra,train
mof_unit_39025,9,15,19,sra,train
mof_unit_39034,9,15,2,sra,train
mof_unit_39078,9,11,15,sra,train
mof_unit_39287,9,4,15,sra,train
mof_unit_39314,9,15,2,sra,train
mof_unit_39354,9,11,15,sra,train
mof_unit_39379,9,15,25,sra,train
mof_unit_39470,9,15,19,sra,train
mof_unit_39528,9,15,25,sra,train
mof_unit_39537,9,5,15,sra,train
mof_unit_39614,9,15,2,sra,train
mof_unit_39626,9,11,15,sra,train
mof_unit_39664,9,12,15,sra,train
mof_unit_39695,9,15,20,sra,train
mof_unit_39726,9,15,18,sra,train
mof_unit_39844,9,15,19,sra,train
mof_unit_39866,9,15,23,sra,train
mof_unit_39878,9,15,23,sra,train
mof_unit_39962,9,11,15,sra,train
mof_unit_40287,9,11,15,sra,train
mof_unit_40353,9,15,20,sra,train
mof_unit_40412,9,15,2,sra,train
mof_unit_40418,9,5,15,sra,train
mof_unit_40448,9,15,25,sra,train
mof_unit_40473,9,15,23,sra,train
mof_unit_40652,9,15,23,sra,train
mof_unit_40658,9,15,2,sra,train
mof_unit_40693,9,12,15,sra,train
mof_unit_40694,9,1,15,sra,train
mof_unit_40730,9,15,19,sra,train
mof_unit_40731,9,11,15,sra,train
mof_unit_40781,9,13,15,sra,train
mof_unit_40852,9,15,19,sra,train
mof_unit_40886,9,15,22,sra,train
mof_unit_41085,9,11,15,sra,train
mof_unit_41087,9,12,15,sra,train
mof_unit_41093,9,11,15,sra,train
mof_unit_41147,9,15,19,sra,train
mof_unit_41224,9,15,23,sra,train
mof_unit_41267,9,4,15,sra,train
mof_unit_41463,9,15,23,sra,train
mof_unit_41513,9,4,15,sra,train
mof_unit_41562,9,5,15,sra,train
mof_unit_41577,9,11,15,sra,train
mof_unit_41698,9,15,25,sra,train
mof_unit_41702,9,13,15,sra,train
mof_unit_41722,9,15,18,sra,train
mof_unit_41937,9,15,19,sra,train
mof_unit_41962,9,11,15,sra,train
mof_unit_42192,9,15,22,sra,train
mof_unit_42196,9,12,15,sra,train
mof_unit_42315,9,1,15,sra,train
mof_unit_42323,9,15,24,sra,train
mof_unit_42459,9,13,15,sra,train
mof_unit_42746,9,4,15,sra,train
mof_unit_42875,9,15,20,sra,train
mof_unit_42982,9,4,15,sra,train
mof_unit_42984,9,15,19,sra,train
mof_unit_43103,9,15,23,sra,train
mof_unit_43185,9,15,19,sra,train
mof_unit_43202,9,1,15,sra,train
mof_unit_43221,9,12,15,sra,train
mof_unit_43324,9,4,15,sra,train
mof_unit_43404,9,15,20,sra,train
mof_unit_43444,9,1,15,sra,train
mof_unit_43523,9,1,15,sra,train
mof_unit_43548,9,4,15,sra,train
mof_unit_43622,9,15,2,sra,train
mof_unit_43627,9,13,15,sra,train
mof_unit_43773,9,15,25,sra,train
mof_unit_43810,9,15,20,sra,train
mof_unit_43853,9,4,15,sra,train
mof_unit_43858,9,12,15,sra,train
mof_unit_43940,9,11,15,sra,train
mof_unit_43999,9,15,20,sra,train
mof_unit_44062,9,15,20,sra,train
mof_unit_44079,9,4,15,sra,train
mof_unit_44575,9,15,19,sra,train
mof_unit_44601,9,4,15,sra,train
mof_unit_44686,9,15,19,sra,train
mof_unit_44705,9,1,15,sra,train
mof_unit_44718,9,15,2,sra,train
mof_unit_44764,9,11,15,sra,train
mof_unit_44772,9,15,25,sra,train
mof_unit_44808,9,15,24,sra,train
mof_unit_44849,9,15,25,sra,train
mof_unit_44859,9,4,15,sra,train
mof_unit_44891,9,1,15,sra,train
mof_unit_45085,9,13,15,sra,train
mof_unit_45131,9,15,2,sra,train
mof_unit_45259,9,15,22,sra,train
mof_unit_45700,9,5,15,sra,train
mof_unit_45848,9,1,15,sra,train
mof_unit_45937,9,12,15,sra,train
mof_unit_45972,9,4,15,sra,train
mof_unit_46008,9,15,2,sra,train
mof_unit_46034,9,15,20,sra,train
mof_unit_46083,9,15,23,sra,train
mof_unit_46089,9,1,15,sra,train
mof_unit_46234,9,15,19,sra,train
mof_unit_46378,9,15,2,sra,train
mof_unit_46472,9,13,15,sra,train
mof_unit_46504,9,15,19,sra,train
mof_unit_46517,9,13,15,sra,train
mof_unit_46541,9,15,18,sra,train
mof_unit_46556,9,15,2,sra,train
mof_unit_46581,9,4,15,sra,train
mof_unit_46718,9,15,23,sra,train
mof_unit_46761,9,4,15,sra,train
mof_unit_46962,9,15,2,sra,train
mof_unit_47016,9,12,15,sra,train
mof_unit_47040,9,15,23,sra,train
mof_unit_47074,9,12,15,sra,train
mof_unit_47084,9,15,19,sra,train
mof_unit_47103,9,15,19,sra,train
mof_unit_47173,9,11,15,sra,train
mof_unit_47222,9,15,2,sra,train
mof_unit_47264,9,4,15,sra,train
mof_unit_47310,9,15,23,sra,train
mof_unit_47325,9,1,15,sra,train
mof_unit_47496,9,11,15,sra,train
mof_unit_47687,9,15,20,sra,train
mof_unit_47689,9,15,24,sra,train
mof_unit_47744,9,15,19,sra,train
mof_unit_47751,9,15,2,sra,train
mof_unit_47764,9,5,15,sra,train
mof_unit_47785,9,15,23,sra,train
mof_unit_47861,9,13,15,sra,train
mof_unit_47915,9,5,15,sra,train
mof_unit_47943,9,15,23,sra,train
mof_unit_47990,9,11,15,sra,train
mof_unit_48099,9,13,15,sra,train
mof_unit_48147,9,15,2,sra,train
mof_unit_48175,9,15,2,sra,train
mof_unit_48181,9,1,15,sra,train
mof_unit_48235,9,11,15,sra,train
mof_unit_48300,9,5,15,sra,train
mof_unit_48361,9,11,15,sra,train
mof_unit_48529,9,4,15,sra,train
mof_unit_48549,9,15,2,sra,train
mof_unit_48638,9,15,25,sra,train
mof_unit_48685,9,15,20,sra,train
mof_unit_48779,9,5,15,sra,train
mof_unit_48829,9,1,15,sra,train
mof_unit_48947,9,4,15,sra,train
mof_unit_48981,9,11,15,sra,train
mof_unit_48993,9,15,20,sra,train
mof_unit_49038,9,4,15,sra,train
mof_unit_49127,9,13,15,sra,train
mof_unit_49143,9,15,19,sra,train
mof_unit_49161,9,5,15,sra,train
mof_unit_49214,9,15,23,sra,train
mof_unit_49228,9,15,2,sra,train
mof_unit_49448,9,15,19,sra,train
mof_unit_49467,9,12,15,sra,train
mof_unit_49495,9,11,15,sra,train
mof_unit_49590,9,15,2,sra,train
mof_unit_49625,9,4,15,sra,train
mof_unit_49643,9,11,15,sra,train
mof_unit_49682,9,15,20,sra,train
mof_unit_49707,9,11,15,sra,train
mof_unit_49816,9,15,20,sra,train
mof_unit_49914,9,13,15,sra,train
mof_unit_49930,9,15,19,sra,train
mof_unit_49948,9,15,18,sra,train
mof_unit_49951,9,11,15,sra,train
mof_unit_49978,9,11,15,sra,train
mof_unit_49985,9,11,15,sra,train
mof_unit_50109,9,4,15,sra,train
mof_unit_50119,9,15,23,sra,train
mof_unit_50142,9,13,15,sra,train
mof_unit_50167,9,13,15,sra,train
mof_unit_50222,9,11,15,sra,train
mof_unit_50245,9,15,17,sra,train
mof_unit_50249,9,4,15,sra,train
mof_unit_50359,9,13,15,sra,train
mof_unit_50405,9,11,15,sra,train
mof_unit_50429,9,4,15,sra,train
mof_unit_50637,9,11,15,sra,train
mof_unit_50643,9,15,20,sra,train
mof_unit_50655,9,15,19,sra,train
mof_unit_50832,9,4,15,sra,train
mof_unit_50871,9,15,25,sra,train
mof_unit_50876,9,12,15,sra,train
mof_unit_50901,9,15,19,sra,train
mof_unit_50957,9,4,15,sra,train
mof_unit_50970,9,12,15,sra,train
mof_unit_51044,9,15,25,sra,train
mof_unit_51061,9,5,15,sra,train
mof_unit_51110,9,15,25,sra,train
mof_unit_51153,9,12,15,sra,train
mof_unit_51247,9,15,25,sra,train
mof_unit_51292,9,11,15,sra,train
mof_unit_51451,9,15,23,sra,train
mof_unit_51480,9,15,23,sra,train
mof_unit_51482,9,15,2,sra,train
mof_unit_51520,9,11,15,sra,train
mof_unit_51623,9,12,15,sra,train
mof_unit_51651,9,15,25,sra,train
mof_unit_51780,9,15,19,sra,train
mof_unit_51815,9,13,15,sra,train
mof_unit_51916,9,5,15,sra,train
mof_unit_52186,9,15,24,sra,train
mof_unit_52199,9,1,15,sra,train
mof_unit_52206,9,15,19,sra,train
mof_unit_52283,9,15,2,sra,train
mof_unit_52364,9,5,15,sra,train
mof_unit_52366,9,15,25,sra,train
mof_unit_52384,9,15,22,sra,train
mof_unit_52392,9,5,15,sra,train
mof_unit_52457,9,5,15,sra,train
mof_unit_52471,9,15,19,sra,train
mof_unit_52540,9,15,25,sra,train
mof_unit_52562,9,15,23,sra,train
mof_unit_52643,9,15,20,sra,train
mof_unit_52652,9,13,15,sra,train
mof_unit_52792,9,15,20,sra,train
mof_unit_52810,9,11,15,sra,train
mof_unit_52862,9,12,15,sra,train
mof_unit_52915,9,15,19,sra,train
mof_unit_53066,9,15,23,sra,train
mof_unit_53104,9,15,2,sra,train
mof_unit_53242,9,15,23,sra,train
mof_unit_53244,9,4,15,sra,train
mof_unit_53277,9,15,18,sra,train
mof_unit_53332,9,13,15,sra,train
mof_unit_53470,9,13,15,sra,train
mof_unit_53483,9,4,15,sra,train
mof_unit_53496,9,15,2,sra,train
mof_unit_53503,9,15,24,sra,train
mof_unit_53567,9,11,15,sra,train
mof_unit_53601,9,15,24,sra,train
mof_unit_53680,9,15,25,sra,train
mof_unit_53691,9,11,15,sra,train
mof_unit_53780,9,11,15,sra,train
mof_unit_53991,9,5,15,sra,train
mof_unit_54018,9,1,15,sra,train
mof_unit_54081,9,15,25,sra,train
mof_unit_54152,9,15,2,sra,train
mof_unit_54179,9,15,20,sra,train
mof_unit_54199,9,15,2,sra,train
mof_unit_54203,9,15,23,sra,train
mof_unit_54206,9,1,15,sra,train
mof_unit_54600,9,12,15,sra,train
mof_unit_54799,9,4,15,sra,train
mof_unit_54853,9,11,15,sra,train
mof_unit_54877,9,15,20,sra,train
mof_unit_55075,9,12,15,sra,train
mof_unit_55141,9,11,15,sra,train
mof_unit_55144,9,15,20,sra,train
mof_unit_55148,9,15,2,sra,train
mof_unit_55188,9,13,15,sra,train
mof_unit_55247,9,4,15,sra,train
mof_unit_55266,9,4,15,sra,train
mof_unit_55418,9,1,15,sra,train
mof_unit_55529,9,15,23,sra,train
mof_unit_55534,9,15,20,sra,train
mof_unit_55571,9,11,15,sra,train
mof_unit_55577,9,13,15,sra,train
mof_unit_55661,9,11,15,sra,train
mof_unit_55817,9,15,24,sra,train
mof_unit_55870,9,15,24,sra,train
mof_unit_55940,9,15,19,sra,train
mof_unit_56226,9,15,25,sra,train
mof_unit_56233,9,15,19,sra,train
mof_unit_56289,9,1,15,sra,train
mof_unit_56300,9,15,23,sra,train
mof_unit_56302,9,15,19,sra,train
mof_unit_56372,9,15,19,sra,train
mof_unit_56443,9,11,15,sra,train
mof_unit_56541,9,12,15,sra,train
mof_unit_56574,9,15,25,sra,train
mof_unit_56621,9,12,15,sra,train
mof_unit_56712,9,1,15,sra,train
mof_unit_56953,9,4,15,sra,train
mof_unit_56956,9,11,15,sra,train
mof_unit_57001,9,15,2,sra,train
mof_unit_57038,9,15,19,sra,train
mof_unit_57096,9,15,23,sra,train
mof_unit_57118,9,12,15,sra,train
mof_unit_57132,9,15,25,sra,train
mof_unit_57231,9,15,19,sra,train
mof_unit_57299,9,1,15,sra,train
mof_unit_57314,9,15,23,sra,train
mof_unit_57334,9,1,15,sra,train
mof_unit_57340,9,15,22,sra,train
mof_unit_57469,9,15,23,sra,train
mof_unit_57507,9,15,20,sra,train
mof_unit_57547,9,15,2,sra,train
mof_unit_57614,9,15,20,sra,train
mof_unit_57635,9,1,15,sra,train
mof_unit_57656,9,15,18,sra,train
mof_unit_57783,9,11,15,sra,train
mof_unit_57803,9,15,20,sra,train
mof_unit_57828,9,1,15,sra,train
mof_unit_57960,9,12,15,sra,train
mof_unit_57998,9,1,15,sra,train
mof_unit_58023,9,1,15,sra,train
mof_unit_58076,9,11,15,sra,train
mof_unit_58091,9,12,15,sra,train
mof_unit_58241,9,15,20,sra,train
mof_unit_58270,9,5,15,sra,train
mof_unit_58276,9,13,15,sra,train
mof_unit_58282,9,1,15,sra,train
mof_unit_58321,9,1,15,sra,train
mof_unit_58357,9,1,15,sra,train
mof_unit_58520,9,15,18,sra,train
mof_unit_58665,9,11,15,sra,train
mof_unit_58835,9,4,15,sra,train
mof_unit_58880,9,15,19,sra,train
mof_unit_58899,9,15,19,sra,train
mof_unit_58908,9,15,23,sra,train
mof_unit_58933,9,11,15,sra,train
mof_unit_58975,9,1,15,sra,train
mof_unit_58987,9,15,20,sra,train
mof_unit_59031,9,12,15,sra,train
mof_unit_59141,9,12,15,sra,train
mof_unit_59342,9,13,15,sra,train
mof_unit_59555,9,15,25,sra,train
mof_unit_59575,9,15,22,sra,train
mof_unit_59700,9,15,19,sra,train
mof_unit_59816,9,12,15,sra,train
mof_unit_59846,9,11,15,sra,train
mof_unit_59862,9,15,25,sra,train
mof_unit_62969,9,11,15,sra,train
mof_unit_63494,9,5,15,sra,train
mof_unit_63515,9,15,22,sra,train
mof_unit_66525,9,5,15,sra,train
mof_unit_66536,9,12,15,sra,train
mof_unit_66537,9,15,24,sra,train
mof_unit_66541,9,5,15,sra,train
mof_unit_66564,9,15,22,sra,train
mof_unit_66568,9,5,15,sra,train
mof_unit_66578,9,5,15,sra,train
mof_unit_66581,9,15,24,sra,train
mof_unit_66583,9,15,24,sra,train
mof_unit_66597,9,15,22,sra,train
mof_unit_66606,9,4,15,sra,train
mof_unit_66639,9,15,18,sra,train
mof_unit_66674,9,1,15,sra,train
mof_unit_66691,9,15,18,sra,train
mof_unit_66695,9,5,15,sra,train
mof_unit_66696,9,15,24,sra,train
mof_unit_68049,9,12,15,sra,train
mof_unit_68050,9,12,15,sra,train
mof_unit_68051,9,12,15,sra,train
mof_unit_68052,9,12,15,sra,train
mof_unit_68053,9,12,15,sra,train
mof_unit_68054,9,12,15,sra,train
mof_unit_68055,9,12,15,sra,train
mof_unit_68056,9,12,15,sra,train
mof_unit_68057,9,12,15,sra,train
mof_unit_68058,9,12,15,sra,train
mof_unit_68059,9,12,15,sra,train
mof_unit_68060,9,12,15,sra,train
mof_unit_68061,9,12,15,sra,train
mof_unit_68062,9,12,15,sra,train
mof_unit_68063,9,12,15,sra,train
mof_unit_68064,9,12,15,sra,train
mof_unit_68065,9,12,15,sra,train
mof_unit_68066,9,12,15,sra,train
mof_unit_68067,9,12,15,sra,train
mof_unit_68068,9,12,15,sra,train
mof_unit_68069,9,12,15,sra,train
mof_unit_68155,9,15,16,sra,train
mof_unit_68159,9,15,18,sra,train
mof_unit_68160,9,15,18,sra,train
mof_unit_68161,9,15,18,sra,train
mof_unit_68162,9,15,18,sra,train
mof_unit_68163,9,15,18,sra,train
mof_unit_68164,9,15,18,sra,train
mof_unit_68165,9,15,18,sra,train
mof_unit_68166,9,15,18,sra,train
mof_unit_68168,9,15,22,sra,train
mof_unit_68169,9,15,22,sra,train
mof_unit_68170,9,15,22,sra,train
mof_unit_68171,9,15,22,sra,train
mof_unit_68172,9,15,22,sra,train
mof_unit_68173,9,15,22,sra,train
mof_unit_68174,9,15,22,sra,train
mof_unit_68176,9,15,22,sra,train
mof_unit_68177,9,15,22,sra,train
mof_unit_68178,9,15,22,sra,train
mof_unit_68179,9,15,22,sra,train
mof_unit_68180,9,15,22,sra,train
mof_unit_68181,9,15,22,sra,train
mof_unit_68182,9,15,22,sra,train
mof_unit_68184,9,15,22,sra,train
mof_unit_68187,9,15,24,sra,train
mof_unit_68188,9,15,24,sra,train
mof_unit_68189,9,15,24,sra,train
mof_unit_68190,9,15,24,sra,train
mof_unit_68191,9,15,24,sra,train
mof_unit_68192,9,15,24,sra,train
mof_unit_68193,9,15,24,sra,train
mof_unit_68194,9,15,24,sra,train
mof_unit_68195,9,15,24,sra,train
mof_unit_68197,9,15,24,sra,train
mof_unit_68198,9,15,24,sra,train
mof_unit_68199,9,15,24,sra,train
mof_unit_68200,9,15,24,sra,train
mof_unit_68201,9,15,24,sra,train
mof_unit_68202,9,15,24,sra,train
mof_unit_68203,9,15,24,sra,train
mof_unit_68204,9,15,24,sra,train
mof_unit_68205,9,15,24,sra,train
mof_unit_68206,9,15,24,sra,train
mof_unit_68207,9,15,24,sra,train
mof_unit_68209,9,15,24,sra,train
mof_unit_68210,9,15,24,sra,train
mof_unit_68211,9,15,24,sra,train
mof_unit_68212,9,15,24,sra,train
mof_unit_68214,9,4,15,sra,train
mof_unit_68227,9,5,15,sra,train
mof_unit_68228,9,5,15,sra,train
mof_unit_68229,9,5,15,sra,train
mof_unit_68230,9,5,15,sra,train
mof_unit_68231,9,5,15,sra,train
mof_unit_68232,9,5,15,sra,train
mof_unit_68233,9,5,15,sra,train
mof_unit_68234,9,5,15,sra,train
mof_unit_68235,9,5,15,sra,train
mof_unit_68236,9,5,15,sra,train
mof_unit_68237,9,5,15,sra,train
mof_unit_68238,9,5,15,sra,train
mof_unit_68239,9,5,15,sra,train
mof_unit_68240,9,5,15,sra,train
mof_unit_68275,9,12,15,sra,train
mof_unit_68278,9,4,15,sra,train
mof_unit_68284,9,15,24,sra,train
mof_unit_68304,9,5,15,sra,train
mof_unit_68341,9,15,24,sra,train
mof_unit_68373,9,15,24,sra,train
mof_unit_68389,9,15,24,sra,train
mof_unit_68455,9,15,18,sra,train
mof_unit_68469,9,15,22,sra,train
mof_unit_68473,9,15,22,sra,train
mof_unit_68515,9,15,22,sra,train
mof_unit_68566,9,5,15,sra,train
mof_unit_68595,9,15,22,sra,train
mof_unit_68751,9,11,15,sra,test
mof_unit_68901,9,11,15,sra,test
mof_unit_69022,9,15,2,sra,test
mof_unit_69223,9,4,15,sra,test
mof_unit_69325,9,1,15,sra,test
mof_unit_69430,9,1,15,sra,test
mof_unit_69625,9,4,15,sra,test
mof_unit_69710,9,4,15,sra,test
mof_unit_69746,9,15,2,sra,test
mof_unit_69935,9,12,15,sra,test
mof_unit_70316,9,4,15,sra,test
mof_unit_70469,9,11,15,sra,test
mof_unit_70495,9,11,15,sra,test
mof_unit_70512,9,12,15,sra,test
mof_unit_70628,9,15,23,sra,test
mof_unit_70660,9,15,2,sra,test
mof_unit_70749,9,15,25,sra,test
mof_unit_70784,9,11,15,sra,test
mof_unit_71002,9,11,15,sra,test
mof_unit_71080,9,11,15,sra,test
mof_unit_71341,9,15,20,sra,test
mof_unit_71570,9,12,15,sra,test
mof_unit_71573,9,11,15,sra,test
mof_unit_71657,9,15,19,sra,test
mof_unit_71909,9,15,2,sra,test
mof_unit_72108,9,15,25,sra,test
mof_unit_72168,9,15,2,sra,test
mof_unit_72186,9,15,25,sra,test
mof_unit_72222,9,15,2,sra,test
mof_unit_72700,9,4,15,sra,test
mof_unit_72737,9,15,23,sra,test
mof_unit_72936,9,12,15,sra,test
mof_unit_72994,9,4,15,sra,test
mof_unit_73120,9,15,23,sra,test
mof_unit_73218,9,11,15,sra,test
mof_unit_73359,9,15,2,sra,test
mof_unit_73373,9,15,23,sra,test
mof_unit_73379,9,15,20,sra,test
mof_unit_73456,9,4,15,sra,test
mof_unit_73495,9,12,15,sra,test
mof_unit_73561,9,15,20,sra,test
mof_unit_73696,9,11,15,sra,test
mof_unit_73707,9,11,15,sra,test
mof_unit_73802,9,11,15,sra,test
mof_unit_73850,9,15,23,sra,test
mof_unit_73866,9,15,2,sra,test
mof_unit_74317,9,11,15,sra,test
mof_unit_74399,9,11,15,sra,test
mof_unit_74411,9,11,15,sra,test
mof_unit_74455,9,15,19,sra,test
mof_unit_74476,9,11,15,sra,test
mof_unit_74490,9,1,15,sra,test
mof_unit_74611,9,15,2,sra,test
mof_unit_74617,9,15,25,sra,test
mof_unit_74622,9,1,15,sra,test
mof_unit_74707,9,4,15,sra,test
mof_unit_74789,9,15,20,sra,test
mof_unit_74873,9,15,23,sra,test
mof_unit_74934,9,15,20,sra,test
mof_unit_74978,9,11,15,sra,test
mof_unit_75153,9,1,15,sra,test
mof_unit_75164,9,11,15,sra,test
mof_unit_75199,9,1,15,sra,test
mof_unit_75296,9,15,20,sra,test
mof_unit_75402,9,11,15,sra,test
mof_unit_75471,9,11,15,sra,test
mof_unit_75493,9,4,15,sra,test
mof_unit_75530,9,15,2,sra,test
mof_unit_75547,9,11,15,sra,test
mof_unit_75560,9,15,2,sra,test
mof_unit_76289,9,15,25,sra,test
mof_unit_76528,9,11,15,sra,test
mof_unit_76711,9,1,15,sra,test
mof_unit_76737,9,11,15,sra,test
mof_unit_76890,9,15,25,sra,test
mof_unit_77031,9,11,15,sra,test
mof_unit_77166,9,12,15,sra,test
mof_unit_77179,9,15,23,sra,test
mof_unit_77584,9,11,15,sra,test
mof_unit_77653,9,15,23,sra,test
mof_unit_77666,9,15,20,sra,test
mof_unit_77841,9,12,15,sra,test
mof_unit_77855,9,15,2,sra,test
mof_unit_77950,9,11,15,sra,test
mof_unit_78037,9,1,15,sra,test
mof_unit_78216,9,11,15,sra,test
mof_unit_78239,9,15,20,sra,test
mof_unit_78570,9,12,15,sra,test
mof_unit_78647,9,4,15,sra,test
mof_unit_78774,9,12,15,sra,test
mof_unit_78802,9,15,20,sra,test
mof_unit_79010,9,15,25,sra,test
mof_unit_79020,9,15,19,sra,test
mof_unit_79030,9,15,20,sra,test
mof_unit_79155,9,1,15,sra,test
mof_unit_79363,9,15,19,sra,test
mof_unit_79440,9,1,15,sra,test
mof_unit_79648,9,15,2,sra,test
mof_unit_79818,9,15,20,sra,test
mof_unit_80215,9,1,15,sra,test
mof_unit_80221,9,15,23,sra,test
mof_unit_80230,9,15,20,sra,test
mof_unit_80298,9,11,15,sra,test
mof_unit_80398,9,12,15,sra,test
mof_unit_80401,9,15,2,sra,test
mof_unit_80539,9,1,15,sra,test
mof_unit_80546,9,11,15,sra,test
mof_unit_80686,9,11,15,sra,test
mof_unit_80885,9,11,15,sra,test
mof_unit_80937,9,11,15,sra,test
mof_unit_80956,9,12,15,sra,test
mof_unit_81097,9,15,25,sra,test
mof_unit_81424,9,4,15,sra,test
mof_unit_81454,9,15,2,sra,test
mof_unit_81513,9,15,19,sra,test
mof_unit_81766,9,11,15,sra,test
mof_unit_81799,9,15,2,sra,test
mof_unit_82055,9,1,15,sra,test
mof_unit_82134,9,15,2,sra,test
mof_unit_82169,9,1,15,sra,test
mof_unit_82271,9,15,23,sra,test
mof_unit_82329,9,11,15,sra,test
mof_unit_82348,9,11,15,sra,test
mof_unit_82385,9,11,15,sra,test
mof_unit_82425,9,15,25,sra,test
mof_unit_82650,9,11,15,sra,test
mof_unit_82679,9,11,15,sra,test
mof_unit_82843,9,4,15,sra,test
mof_unit_82874,9,15,25,sra,test
mof_unit_82922,9,13,15,sra,test
